shopify_id,title,handle,status,sub_brand,family_key,total_inventory,variant_count,primary_sku,primary_barcode,min_price_zar,max_price_zar,hero_match,is_bundle,is_commodity,decision,proposed_tier,rationale,tags,seo_title,seo_description,created_at,updated_at,online_store_url,featured_image_url,collections
8155084259638,VIVID HEALTH - STAY VIVID - Omega Oil 300 Capsules,vivid-health-stay-vivid-omega-oil-300-capsules,ACTIVE,STAY VIVID,omega oil,2,1,6000000031138,,684.25,684.25,Omega-3,,,KEEP_HERO,Premium,Hero range: Omega-3,"brand_VIVID HEALTH - STAY VIVID, cat:brain-cognitive, cat:eye-health, cat:heart-cardiovascular, cat:joints-mobility, cat:stress-mood, cat:vitamins-minerals, Conditions>Mental, Conditions>Nerves, featured:heart-cardiovascular, gluten-free, Health>Omegas&Fats, Kids>Concentration, proudly-south-african, sugar-free",VIVID HEALTH Stay Vivid Omega Oil 300 Caps | Brain & Heart,"VIVID HEALTH Omega Oil provides 300 capsules of essential omega fatty acids for brain, heart, and joint support. Shop this bulk-size bottle at Onelife Health.",2023-02-25T01:33:13Z,2026-05-08T14:01:38Z,https://onelife.co.za/products/vivid-health-stay-vivid-omega-oil-300-capsules,https://cdn.shopify.com/s/files/1/0682/9136/3126/files/IMG-5255.png?v=1695303440,"Conditions - Joints, Conditions - Mental, Conditions - Nerves, Conditions - Stress, Health - Omegas & Fats, Kids - Concentration, Health Supplements, Kids Health, Health Conditions, Vivid Health, Brand - VIVID HEALTH, Heart Health, Stress & Mood, Joints & Mobility, Heart & Cardiovascular, Brain & Cognitive, Eye Health, Vitamins & Minerals, Gluten Free, Sugar Free, Proudly South African"
8155076952374,VIVID HEALTH - IMMUNE - Astragalus 60 Capsules,vivid-health-immune-astragalus-60-capsules,ACTIVE,IMMUNE,astragalus,35,1,6000000002800,,164.0,164.0,,,,KEEP,Daily,Active in-stock SKU,"brand_VIVID HEALTH - IMMUNE, cat:energy-vitality, cat:herbal-supplements, cat:immunity, cat:stress-mood, Conditions>Immune, dairy-free, featured:herbal-supplements, featured:immunity, gluten-free, Health>Herbs, proudly-south-african, sugar-free, vegetarian",Vivid Health Astragalus 60 Capsules | Immune Adaptogen Support,"Vivid Health Astragalus 60 capsules — an adaptogenic herb for balanced immune support. Rooted in traditional use, backed by modern interest. Shop at Onelife Health.",2023-02-25T01:30:12Z,2026-05-11T14:01:22Z,https://onelife.co.za/products/vivid-health-immune-astragalus-60-capsules,https://cdn.shopify.com/s/files/1/0682/9136/3126/files/IMG-5196.png?v=1695296217,"Conditions - Energy & Vitality, Conditions - Immune, Conditions - Stress, Health - Herbs, Health Supplements, Health Conditions, Vivid Health, Brand - VIVID HEALTH, Immunity & Cold Season, Energy & Vitality, Stress & Mood, Herbal Supplements, Gluten Free, Sugar Free, Dairy Free, Vegetarian, Proudly South African"
8155082293558,VIVID HEALTH - IMMUNE - Immune Plus 60 Capsules,vivid-health-immune-immune-plus-60-capsules,ACTIVE,IMMUNE,immune plus,30,1,6100000000711,,125.0,125.0,,,,KEEP,Daily,Active in-stock SKU,"brand_VIVID HEALTH - IMMUNE, cat:herbal-supplements, cat:immunity, Conditions>Allergies, Conditions>Immune, dairy-free, featured:immunity, gluten-free, Health>Herbs, proudly-south-african, Sport>Maintain, sugar-free, vegetarian",Vivid Health Immune Plus 60 Caps | Multi-Herb Immune Support,Vivid Health Immune Plus combines buffered Vitamin C with herbal extracts for comprehensive daily immune support. Shop 60 capsules at Onelife Health.,2023-02-25T01:32:25Z,2026-05-11T14:01:15Z,https://onelife.co.za/products/vivid-health-immune-immune-plus-60-capsules,https://cdn.shopify.com/s/files/1/0682/9136/3126/files/IMG-5194.png?v=1695296146,"Conditions - Allergies, Conditions - Immune, Health - Herbs, Sport - Maintain, Sports Nutrition, Health Supplements, Health Conditions, Vivid Health, Brand - VIVID HEALTH, Immunity & Cold Season, Herbal Supplements, Gluten Free, Sugar Free, Dairy Free, Vegetarian, Proudly South African"
8747905220918,VIVID HEALTH - PHYSICAL HEALTH - L-Glutamine 500g,vivid-health-physical-health-l-glutamine-500g,ACTIVE,PHYSICAL HEALTH,l glutamine,29,1,748927022803,,345.0,345.0,,,,KEEP,Daily,Active in-stock SKU,"brand_VIVID HEALTH - IMMUNE, cat:energy-vitality, cat:gut-health, cat:joints-mobility, cat:sports-nutrition, Conditions>Bacteria, Conditions>Immune, dairy-free, featured:sports-nutrition, Fungi, gluten-free, Health>Amino Acids, Parasites, proudly-south-african, sugar-free, vegan, vegetarian, Virus",Vivid Health L-Glutamine 500g | Amino Acid | Onelife,"L-Glutamine powder supporting immune function, gut health and muscle recovery. Ideal during high physical stress or illness. 500g. R308.49 at Onelife SA.",2023-09-21T13:41:40Z,2026-05-15T14:03:16Z,https://onelife.co.za/products/vivid-health-physical-health-l-glutamine-500g,https://cdn.shopify.com/s/files/1/0682/9136/3126/files/IMG-5260.png?v=1695303742,"Conditions - Bacteria, Virus, Parasite, Fungi, Conditions - Energy & Vitality, Conditions - Gut, Conditions - Joints, Health - Amino Acids, Health Supplements, Health Conditions, Vivid Health, Brand - VIVID HEALTH, Gut Health & Digestion, Energy & Vitality, Joints & Mobility, Vegan, Gluten Free, Sugar Free, Dairy Free, Vegetarian, Proudly South African"
8155084685622,VIVID HEALTH - WOMAN - Sage 60 Capsules,vivid-health-woman-sage-60-capsules,ACTIVE,WOMAN,sage,28,1,6000000813710,,120.61,120.61,,,,KEEP,Daily,Active in-stock SKU,"brand_VIVID HEALTH - WOMAN, cat:herbal-supplements, cat:hormonal-balance, cat:womens-health, Conditions>Women's, featured:herbal-supplements, featured:hormonal-balance, featured:womens-health, gluten-free, Health>Herbs, proudly-south-african, sugar-free, vegetarian",Vivid Health Sage 60 Capsules | Menopause & Hot Flush Support,"Vivid Health Woman Sage Capsules offer plant-based support for hot flushes, night sweats, and menopausal discomfort. Shop 60 capsules at Onelife Health.",2023-02-25T01:33:26Z,2026-05-05T08:06:08Z,https://onelife.co.za/products/vivid-health-woman-sage-60-capsules,https://cdn.shopify.com/s/files/1/0682/9136/3126/files/IMG-5286.png?v=1695309143,"Conditions - Women's, Health - Herbs, Health Supplements, Health Conditions, Vivid Health, Brand - VIVID HEALTH, Hormonal Balance, Women's Health, Herbal Supplements, Gluten Free, Sugar Free, Vegetarian, Proudly South African"
8155085930806,VIVID HEALTH - GUT HEALTH & IMMUNE - Wormwood 60 Capsules,vivid-health-gut-health-immune-wormwood-60-capsules,ACTIVE,GUT HEALTH & IMMUNE,wormwood,27,1,6999000456730,,133.0,133.0,,,,KEEP,Daily,Active in-stock SKU,"brand_VIVID HEALTH - GUT HEALTH & IMMUNE, cat:gut-health, cat:herbal-supplements, cat:immunity, Conditions>Allergies, Conditions>Detox, Conditions>Digestion, dairy-free, featured:gut-health, featured:herbal-supplements, gluten-free, Health>Herbs, proudly-south-african, sugar-free, vegetarian",Vivid Health Wormwood 60 Capsules | Gut & Immune Support,Vivid Health Wormwood 60 capsules supports gut health and immune function with traditional Artemisia. Shop this herbal supplement at Onelife Health.,2023-02-25T01:33:58Z,2026-05-05T08:05:28Z,https://onelife.co.za/products/vivid-health-gut-health-immune-wormwood-60-capsules,https://cdn.shopify.com/s/files/1/0682/9136/3126/files/10140-VividHealthLabels_Wormwood60_s_Front.png?v=1694183636,"Conditions - Allergies, Conditions - Detox, Conditions - Gut, Conditions - Immune, Health - Herbs, Health Supplements, Health Conditions, Vivid Health, Brand - VIVID HEALTH, Immunity & Cold Season, Gut Health & Digestion, Herbal Supplements, Gluten Free, Sugar Free, Dairy Free, Vegetarian, Proudly South African"
8155081310518,VIVID HEALTH - STAY VIVID - Griffonia (5-HTP) 60 Capsules,vivid-health-stay-vivid-griffonia-5-htp-60-capsules,ACTIVE,STAY VIVID,griffonia (5 htp),27,1,6000000033712,,275.0,275.0,,,,KEEP,Daily,Active in-stock SKU,"brand_VIVID HEALTH - STAY VIVID, cat:brain-cognitive, cat:herbal-supplements, cat:sleep-relaxation, cat:stress-mood, cat:weight-management, Conditions>Depressed, Conditions>Sleep, featured:sleep-relaxation, featured:stress-mood, gluten-free, Health>Amino Acids, Health>Herbs, proudly-south-african, sugar-free, vegetarian",Vivid Health Griffonia 5-HTP 60 Caps | Mood & Sleep Support,Vivid Health Griffonia 5-HTP provides plant-derived serotonin precursor support for mood and sleep. 60 capsules per bottle. Shop at Onelife Health today.,2023-02-25T01:32:12Z,2026-05-15T14:01:54Z,https://onelife.co.za/products/vivid-health-stay-vivid-griffonia-5-htp-60-capsules,https://cdn.shopify.com/s/files/1/0682/9136/3126/files/IMG-5222.png?v=1695298472,"Conditions - Depression, Conditions - Sleep, Conditions - Stress, Health - Amino Acids, Health - Herbs, Health Supplements, Health Conditions, Vivid Health, Vivid Health — South Africa's Functional Health Brand, Brand - VIVID HEALTH, Sleep & Relaxation, Stress & Mood, Weight Management, Brain & Cognitive, Herbal Supplements, Gluten Free, Sugar Free, Vegetarian, Proudly South African"
8155078394166,VIVID HEALTH - VIVID BODY - Coenzyme Q10 60 Capsules,vivid-health-vivid-body-coenzyme-q10-60-capsules,ACTIVE,VIVID BODY,coenzyme q10,27,1,6000000698836,,340.4,340.4,,,,KEEP,Daily,Active in-stock SKU,"brand_VIVID HEALTH - VIVID BODY, cat:brain-cognitive, cat:energy-vitality, cat:gut-health, cat:heart-cardiovascular, cat:vitamins-minerals, Conditions>Anti-Ageing, Conditions>Cardio, Conditions>Colesterol, featured:energy-vitality, featured:heart-cardiovascular, gluten-free, Health>Antioxidants, proudly-south-african, sugar-free, vegetarian",Vivid Health CoQ10 60 Capsules | Cellular Energy & Antioxidant,Vivid Health Vivid Body Coenzyme Q10 supports cellular energy production and antioxidant defence. 60 capsules per bottle. Shop CoQ10 at Onelife Health.,2023-02-25T01:31:13Z,2026-05-12T14:01:36Z,https://onelife.co.za/products/vivid-health-vivid-body-coenzyme-q10-60-capsules,https://cdn.shopify.com/s/files/1/0682/9136/3126/files/IMG-5263.png?v=1695304048,"Conditions - Anti-ageing, Conditions - Cardio, Conditions - Colesterol, Conditions - Energy & Vitality, Conditions - Gut, Health - Antioxidants, Health Supplements, Health Conditions, Vivid Health, Brand - VIVID HEALTH, Heart Health, Gut Health & Digestion, Energy & Vitality, Heart & Cardiovascular, Brain & Cognitive, Vitamins & Minerals, Gluten Free, Sugar Free, Vegetarian, Proudly South African"
8155084226870,VIVID HEALTH - IMMUNE - Mullein 60 Capsules,vivid-health-immune-mullein-60-capsules,ACTIVE,IMMUNE,mullein,23,1,6000000004675,,133.0,133.0,,,,KEEP,Daily,Active in-stock SKU,"brand_VIVID HEALTH - IMMUNE, cat:herbal-supplements, cat:immunity, cat:respiratory, Conditions>Allergies, Conditions>Respiratory, featured:herbal-supplements, featured:respiratory, gluten-free, Health>Herbs, proudly-south-african, sugar-free, vegetarian",VIVID HEALTH Mullein 60 Capsules – Herbal Respiratory Support,VIVID HEALTH Mullein capsules offer traditional herbal support for respiratory comfort and bronchial health. 60 capsules per bottle. Shop at Onelife Health.,2023-02-25T01:33:12Z,2026-05-15T14:01:11Z,https://onelife.co.za/products/vivid-health-immune-mullein-60-capsules,https://cdn.shopify.com/s/files/1/0682/9136/3126/files/IMG-5192.png?v=1695296094,"Conditions - Allergies, Conditions - Immune, Conditions - Respiratory, Health - Herbs, Health Supplements, Health Conditions, Vivid Health, Brand - VIVID HEALTH, Immunity & Cold Season, Respiratory Health, Herbal Supplements, Gluten Free, Sugar Free, Vegetarian, Proudly South African"
8155078263094,VIVID HEALTH - GUT HEALTH - Clove 60 Capsules,vivid-health-gut-health-clove-60-capsules,ACTIVE,GUT HEALTH,clove,22,1,6000000632557,,123.28,123.28,,,,KEEP,Daily,Active in-stock SKU,"brand_VIVID HEALTH - GUT HEALTH, cat:gut-health, cat:herbal-supplements, cat:immunity, Conditions>Bacteria, Conditions>Detox, Conditions>Gut, dairy-free, featured:gut-health, featured:herbal-supplements, Fungi, gluten-free, Health>Herbs, Parasites, proudly-south-african, sugar-free, vegetarian, Virus",Vivid Health Clove 60 Capsules | Gut Health & Parasite Support,Vivid Health Clove capsules offer concentrated eugenol-rich clove extract to support gut health and parasite cleanse protocols. Shop now at Onelife Health.,2023-02-25T01:31:10Z,2026-04-24T11:01:26Z,https://onelife.co.za/products/vivid-health-gut-health-clove-60-capsules,https://cdn.shopify.com/s/files/1/0682/9136/3126/files/10140-VividHealthLabels_Clove60_s_Front.png?v=1694183420,"Conditions - Bacteria, Virus, Parasite, Fungi, Conditions - Detox, Conditions - Gut, Conditions - Immune, Health - Herbs, Health Supplements, Health Conditions, Vivid Health, Brand - VIVID HEALTH, Immunity & Cold Season, Gut Health & Digestion, Herbal Supplements, Gluten Free, Sugar Free, Dairy Free, Vegetarian, Proudly South African"
8155081015606,VIVID HEALTH - VIVID BODY - Garcinia Cambogia 60 Capsules,vivid-health-vivid-body-garcinia-cambogia-60-capsules,ACTIVE,VIVID BODY,garcinia cambogia,22,1,6000000650513,,166.06,166.06,,,,KEEP,Daily,Active in-stock SKU,"brand_VIVID HEALTH - VIVID BODY, cat:herbal-supplements, cat:weight-management, Conditions>Blood Sugar, featured:weight-management, gluten-free, Health>Phytochemicals, proudly-south-african, Sport>Weightloss, sugar-free, vegetarian",VIVID HEALTH Garcinia Cambogia 60 Caps | Weight Management,VIVID HEALTH Vivid Body Garcinia Cambogia offers 60 capsules with HCA to support appetite regulation alongside a healthy lifestyle. Shop at Onelife Health.,2023-02-25T01:32:08Z,2026-05-12T14:01:20Z,https://onelife.co.za/products/vivid-health-vivid-body-garcinia-cambogia-60-capsules,https://cdn.shopify.com/s/files/1/0682/9136/3126/files/IMG-5240.png?v=1695302261,"Conditions - Blood Sugar, Health - Phytochemicals, Sport - Weight loss, Sports Nutrition, Health Supplements, Health Conditions, Vivid Health, Brand - VIVID HEALTH, GLP-1 Support Supplements, Weight Management, Herbal Supplements, Gluten Free, Sugar Free, Vegetarian, Proudly South African"
8155082621238,VIVID HEALTH - STAY VIVID - Liquorice Root 60 Capsules,vivid-health-stay-vivid-liquorice-root-60-capsules,ACTIVE,STAY VIVID,liquorice root,21,1,6100000000872,,132.99,132.99,,,,KEEP,Daily,Active in-stock SKU,"brand_VIVID HEALTH - STAY VIVID, cat:gut-health, cat:herbal-supplements, cat:hormonal-balance, cat:immunity, cat:respiratory, Conditions>Energy&Vitality, Conditions>Stress, featured:herbal-supplements, gluten-free, Health>Herbs, proudly-south-african, sugar-free, vegetarian",VIVID HEALTH Liquorice Root 60 Capsules | Herbal Support,VIVID HEALTH Stay Vivid Liquorice Root offers 60 capsules of traditional herbal support for digestion and everyday stress. Shop at Onelife Health today.,2023-02-25T01:32:32Z,2026-05-07T14:02:37Z,https://onelife.co.za/products/vivid-health-stay-vivid-liquorice-root-60-capsules,https://cdn.shopify.com/s/files/1/0682/9136/3126/files/IMG-5244.png?v=1695302443,"Conditions - Gut, Conditions - Immune, Health - Herbs, Health Supplements, Health Conditions, Vivid Health, Brand - VIVID HEALTH, Immunity & Cold Season, Gut Health & Digestion, Respiratory Health, Hormonal Balance, Herbal Supplements, Gluten Free, Sugar Free, Vegetarian, Proudly South African"
8155085668662,VIVID HEALTH - VIVID NOURISHMENT - Turmeric 300 Capsules,vivid-health-vivid-nourishment-turmeric-300-capsules,ACTIVE,VIVID NOURISHMENT,turmeric,20,1,6000000083380,,301.88,301.88,,,,KEEP,Daily,Active in-stock SKU,"brand_VIVID HEALTH - VIVID NOURISHMENT, cat:gut-health, cat:herbal-supplements, cat:immunity, cat:joints-mobility, cat:superfoods, Conditions>Acid PH, Conditions>Immune, Conditions>Pain&Inflamation, featured:herbal-supplements, featured:joints-mobility, gluten-free, proudly-south-african, sugar-free, Superfoods, vegetarian",Vivid Health Turmeric 300 Capsules | Daily Joint & Wellness Support,Vivid Health Turmeric 300 Capsules offer a bulk supply of curcumin for daily joint and inflammatory support. Shop this convenient option at Onelife Health.,2023-02-25T01:33:51Z,2026-05-11T14:01:12Z,https://onelife.co.za/products/vivid-health-vivid-nourishment-turmeric-300-capsules,https://cdn.shopify.com/s/files/1/0682/9136/3126/files/IMG-5333.png?v=1695312443,"Conditions - Acid PH, Conditions - Gut, Conditions - Immune, Conditions - Joints, Conditions - Pain &Inflammation, Superfoods, Health Conditions, Vivid Health, Brand - VIVID HEALTH, Immunity & Cold Season, Gut Health & Digestion, Joints & Mobility, Herbal Supplements, Gluten Free, Sugar Free, Vegetarian, Proudly South African"
8155082785078,VIVID HEALTH - IMMUNE - L-Lysine 60 Capsules,vivid-health-immune-l-lysine-60-capsules,ACTIVE,IMMUNE,l lysine,19,1,6000000612818,,118.0,118.0,,,,KEEP,Daily,Active in-stock SKU,"brand_VIVID HEALTH - IMMUNE, cat:herbal-supplements, cat:immunity, cat:skin-hair-nails, Conditions>Bacteria, Conditions>Immune, dairy-free, Fungi, gluten-free, Health>Amino Acids, Parasites, proudly-south-african, sugar-free, vegetarian, Virus",Vivid Health L-Lysine 60 Capsules | Immune & Cold Sore Support,"Vivid Health L-Lysine 60 capsules supports immune function, cold sore management, and collagen synthesis. Shop this essential amino acid at Onelife Health.",2023-02-25T01:32:37Z,2026-05-12T14:01:28Z,https://onelife.co.za/products/vivid-health-immune-l-lysine-60-capsules,https://cdn.shopify.com/s/files/1/0682/9136/3126/files/IMG-5242.png?v=1695302348,"Conditions - Bacteria, Virus, Parasite, Fungi, Conditions - Immune, Health - Amino Acids, Health Supplements, Health Conditions, Vivid Health, Brand - VIVID HEALTH, Immunity & Cold Season, Skin, Hair & Nails, Herbal Supplements, Gluten Free, Sugar Free, Dairy Free, Vegetarian, Proudly South African"
8704664731958,VIVID HEALTH - NUTRIENT HEALTH - Turmeric Plus 60 Capsules,vivid-health-nutrient-health-turmeric-plus-60-capsules,ACTIVE,NUTRIENT HEALTH,turmeric plus,19,1,891368002313,,257.6,257.6,,,,KEEP,Daily,Active in-stock SKU,"brand_VIVID HEALTH - VIVID NOURISHMENT, cat:gut-health, cat:herbal-supplements, cat:immunity, cat:joints-mobility, Conditions>Acid PH, Conditions>Immune, Conditions>Pain&Inflamation, featured:herbal-supplements, featured:joints-mobility, gluten-free, proudly-south-african, sugar-free, Superfoods, vegetarian",Vivid Health Turmeric Plus 60 Caps | Anti-Inflam | Onelife,Enhanced turmeric capsules with curcumin for anti-inflammatory and antioxidant support. Suitable for immune and joint health. R266.80 at Onelife Health SA.,2023-09-12T08:28:20Z,2026-05-12T14:01:28Z,https://onelife.co.za/products/vivid-health-nutrient-health-turmeric-plus-60-capsules,https://cdn.shopify.com/s/files/1/0682/9136/3126/files/IMG-5314.png?v=1695311027,"Conditions - Acid PH, Conditions - Gut, Conditions - Immune, Conditions - Joints, Conditions - Pain &Inflammation, Superfoods, Health Conditions, Vivid Health, Brand - VIVID HEALTH, Immunity & Cold Season, Gut Health & Digestion, Joints & Mobility, Herbal Supplements, Gluten Free, Sugar Free, Vegetarian, Proudly South African"
8155085340982,VIVID HEALTH - STAY VIVID - Tranquil 60 Capsules,vivid-health-stay-vivid-tranquil-60-capsules,ACTIVE,STAY VIVID,tranquil,19,1,6000000675028,,130.0,130.0,,,,KEEP,Daily,Active in-stock SKU,"brand_VIVID HEALTH - STAY VIVID, cat:herbal-supplements, cat:sleep-relaxation, cat:stress-mood, Conditions>Sleep, Conditions>Stress, featured:sleep-relaxation, featured:stress-mood, gluten-free, Health>Herbs, proudly-south-african, sugar-free, vegetarian",Vivid Health Stay Vivid Tranquil 60 Caps | Calm Support,Vivid Health Stay Vivid Tranquil offers 60 capsules formulated for calm and relaxation support. Shop this targeted wellness supplement at Onelife Health.,2023-02-25T01:33:42Z,2026-05-15T14:01:56Z,https://onelife.co.za/products/vivid-health-stay-vivid-tranquil-60-capsules,https://cdn.shopify.com/s/files/1/0682/9136/3126/files/IMG-5224.png?v=1695298540,"Conditions - Sleep, Conditions - Stress, Health - Herbs, Health Supplements, Health Conditions, Vivid Health, Vivid Health — South Africa's Functional Health Brand, Brand - VIVID HEALTH, Sleep & Relaxation, Stress & Mood, Herbal Supplements, Gluten Free, Sugar Free, Vegetarian, Proudly South African"
8155077181750,VIVID HEALTH - GUT HEALTH - Black Walnut 60 Capsules,vivid-health-gut-health-black-walnut-60-capsules,ACTIVE,GUT HEALTH,black walnut,17,1,6000000006051,,140.41,140.41,,,,KEEP,Daily,Active in-stock SKU,"brand_VIVID HEALTH - GUT HEALTH, cat:gut-health, cat:herbal-supplements, cat:liver-detox, Conditions>Bacteria, Conditions>Detox, Conditions>Gut, dairy-free, featured:gut-health, featured:herbal-supplements, Fungi, gluten-free, Health>Herbs, Parasites, proudly-south-african, sugar-free, vegetarian, Virus",Vivid Health Black Walnut 60 Caps | Gut & Parasite Support,Vivid Health Black Walnut hull capsules support gut health with natural antiparasitic and antifungal properties. 60 capsules per bottle. Shop at Onelife Health.,2023-02-25T01:30:27Z,2026-05-09T14:01:21Z,https://onelife.co.za/products/vivid-health-gut-health-black-walnut-60-capsules,https://cdn.shopify.com/s/files/1/0682/9136/3126/files/10140-VividHealthLabels_BlackWalnut60_s_Front.png?v=1694183146,"Conditions - Bacteria, Virus, Parasite, Fungi, Conditions - Detox, Conditions - Gut, Health - Herbs, Health Supplements, Health Conditions, Vivid Health, Brand - VIVID HEALTH, Gut Health & Digestion, Liver & Detox, Herbal Supplements, Gluten Free, Sugar Free, Dairy Free, Vegetarian, Proudly South African"
8155079901494,VIVID HEALTH - STAY VIVID - D-Ribose 150g,vivid-health-stay-vivid-d-ribose-150g,ACTIVE,STAY VIVID,d ribose,16,1,6000000820381,,307.39,307.39,,,,KEEP,Daily,Active in-stock SKU,"brand_VIVID HEALTH - STAY VIVID, cat:energy-vitality, cat:heart-cardiovascular, cat:sports-nutrition, Conditions>Cardio, Conditions>Energy&Vitality, dairy-free, featured:energy-vitality, gluten-free, proudly-south-african, sugar-free, vegan, vegetarian",VIVID HEALTH D-Ribose 150g | Cellular Energy & ATP Support,"VIVID HEALTH Stay Vivid D-Ribose 150g supports ATP production and cellular energy metabolism. Pure, single-ingredient powder. Shop at Onelife Health today.",2023-02-25T01:31:41Z,2026-04-18T19:08:33Z,https://onelife.co.za/products/vivid-health-stay-vivid-d-ribose-150g,https://cdn.shopify.com/s/files/1/0682/9136/3126/files/IMG-5252.png?v=1695303279,"Conditions - Cardio, Conditions - Energy & Vitality, Health Conditions, Vivid Health, Brand - VIVID HEALTH, Energy & Vitality, Heart & Cardiovascular, Vegan, Gluten Free, Sugar Free, Dairy Free, Vegetarian, Proudly South African"
8155080851766,VIVID HEALTH - STAY VIVID - Gaba 150g,vivid-health-stay-vivid-gaba-150g,ACTIVE,STAY VIVID,gaba,15,1,6000000610067,,258.0,258.0,,,,KEEP,Daily,Active in-stock SKU,"brand_VIVID HEALTH - STAY VIVID, cat:brain-cognitive, cat:sleep-relaxation, cat:stress-mood, Conditions>Nerves, Conditions>Sleep, Conditions>Stress, dairy-free, featured:sleep-relaxation, featured:stress-mood, gluten-free, Health>Amino Acids, proudly-south-african, sugar-free, vegan, vegetarian",Vivid Health Stay Vivid GABA 150g | Relaxation Support Powder,Vivid Health GABA 150g powder supports relaxation and a healthy stress response. Flexible dosing in a generous tub. Shop at Onelife Health today.,2023-02-25T01:32:04Z,2026-04-24T11:01:26Z,https://onelife.co.za/products/vivid-health-stay-vivid-gaba-150g,https://cdn.shopify.com/s/files/1/0682/9136/3126/files/IMG-5236.png?v=1695301957,"Conditions - Nerves, Conditions - Sleep, Conditions - Stress, Health - Amino Acids, Health Supplements, Health Conditions, Vivid Health, Brand - VIVID HEALTH, Sleep & Relaxation, Stress & Mood, Brain & Cognitive, Vegan, Gluten Free, Sugar Free, Dairy Free, Vegetarian, Proudly South African"
8155076755766,VIVID HEALTH - WOMAN - Angus Castus 60 Capsules,vivid-health-woman-angus-castus-60-capsules,ACTIVE,WOMAN,angus castus,11,1,6000000696498,,180.0,180.0,,,,KEEP,Daily,Active in-stock SKU,"brand_VIVID HEALTH - WOMAN, cat:herbal-supplements, cat:hormonal-balance, cat:womens-health, Conditions>Women's, featured:herbal-supplements, featured:hormonal-balance, featured:womens-health, gluten-free, Health>Herbs, proudly-south-african, sugar-free, vegetarian",Vivid Health Agnus Castus 60 Caps | Women's Hormonal Support,Vivid Health Agnus Castus offers 60 capsules of chaste tree extract to support hormonal balance and menstrual comfort in women. Shop now at Onelife Health.,2023-02-25T01:30:05Z,2026-05-12T14:01:37Z,https://onelife.co.za/products/vivid-health-woman-angus-castus-60-capsules,https://cdn.shopify.com/s/files/1/0682/9136/3126/files/IMG-5281.png?v=1695309039,"Conditions - Women's, Health - Herbs, Health Supplements, Health Conditions, Vivid Health, Brand - VIVID HEALTH, Hormonal Balance, Women's Health, Herbal Supplements, Gluten Free, Sugar Free, Vegetarian, Proudly South African"
8155080524086,VIVID HEALTH - VIVID BODY - Flexijoint 300 Capsules,vivid-health-vivid-body-flexijoint-300-capsules,ACTIVE,VIVID BODY,flexijoint,8,1,600000003017,,625.6,625.6,,,,KEEP,Daily,Active in-stock SKU,"brand_VIVID HEALTH - VIVID BODY, cat:joints-mobility, cat:sports-nutrition, Conditions>Joints, Conditions>Pain&Inflamation, featured:joints-mobility, gluten-free, proudly-south-african, Sport>Maintain, sugar-free, vegetarian",VIVID HEALTH Flexijoint 300 Capsules | Joint Support,VIVID HEALTH Flexijoint 300 capsules offers daily joint support for flexibility and comfort. A generous supply for consistent use. Shop at Onelife Health.,2023-02-25T01:31:56Z,2026-04-18T19:08:34Z,https://onelife.co.za/products/vivid-health-vivid-body-flexijoint-300-capsules,https://cdn.shopify.com/s/files/1/0682/9136/3126/files/IMG-5274.png?v=1695308596,"Conditions - Joints, Conditions - Pain &Inflammation, Sport - Maintain, Sports Nutrition, Health Conditions, Vivid Health, Brand - VIVID HEALTH, Joints & Mobility, Gluten Free, Sugar Free, Vegetarian, Proudly South African"
8155080687926,VIVID HEALTH - VIVID BODY - Flexijoint Advanced 120 Capsules,vivid-health-vivid-body-flexijoint-advanced-120-capsules,ACTIVE,VIVID BODY,flexijoint advanced,6,1,6000000719456,,322.0,322.0,,,,KEEP,Daily,Active in-stock SKU,"brand_VIVID HEALTH - VIVID BODY, cat:joints-mobility, cat:sports-nutrition, Conditions>Joints, Conditions>Pain&Inflamation, featured:joints-mobility, gluten-free, proudly-south-african, Sport>Maintain, sugar-free, vegetarian",Vivid Health Flexijoint Advanced 120 Caps | Joint Support,Flexijoint Advanced by Vivid Health offers targeted joint support in 120 capsules. Formulated for comfort and mobility. Shop at Onelife Health today.,2023-02-25T01:31:59Z,2026-05-11T14:01:26Z,https://onelife.co.za/products/vivid-health-vivid-body-flexijoint-advanced-120-capsules,https://cdn.shopify.com/s/files/1/0682/9136/3126/files/IMG-5270.png?v=1695304679,"Conditions - Joints, Conditions - Pain &Inflammation, Sport - Maintain, Sports Nutrition, Health Conditions, Vivid Health, Top Health Conditions, Top Sports Nutrition, Vivid Health — South Africa's Functional Health Brand, Brand - VIVID HEALTH, Joints & Mobility, Gluten Free, Sugar Free, Vegetarian, Proudly South African"
8155076854070,VIVID HEALTH - VIVID NOURISHMENT - Apple Cider 90 Capsules,vivid-health-vivid-nourishment-apple-cider-90-capsules,ACTIVE,VIVID NOURISHMENT,apple cider,6,1,6100000000513,,199.24,199.24,,,,KEEP,Daily,Active in-stock SKU,"brand_VIVID HEALTH - VIVID NOURISHMENT, cat:blood-sugar, cat:gut-health, cat:herbal-supplements, cat:liver-detox, cat:weight-management, featured:gut-health, Food>Vinegers, gluten-free, proudly-south-african, sugar-free, vegetarian",Vivid Health Apple Cider Vinegar 90 Capsules | Digestive Aid,Vivid Health Apple Cider Vinegar capsules offer convenient daily digestive support without the harsh taste. 90 capsules per bottle. Shop at Onelife Health.,2023-02-25T01:30:09Z,2026-04-22T15:01:47Z,https://onelife.co.za/products/vivid-health-vivid-nourishment-apple-cider-90-capsules,https://cdn.shopify.com/s/files/1/0682/9136/3126/files/IMG-5310.png?v=1695310584,"Conditions - Gut, Food - Vinegars, Food Pantry, Vivid Health, Brand - VIVID HEALTH, Gut Health & Digestion, Weight Management, Blood Sugar & Diabetes, Liver & Detox, Herbal Supplements, Gluten Free, Sugar Free, Vegetarian, Proudly South African"
8155076722998,VIVID HEALTH - IMMUNE - Allergy Control 60 Capsules,vivid-health-immune-allergy-control-60-capsules,ACTIVE,IMMUNE,allergy control,5,1,6000000696467,,199.0,199.0,,,,KEEP,Daily,Active in-stock SKU,"brand_VIVID HEALTH - IMMUNE, cat:herbal-supplements, cat:immunity, cat:respiratory, Conditions>Allergies, dairy-free, featured:immunity, gluten-free, Health>Herbs, proudly-south-african, sugar-free, vegetarian",Vivid Health Allergy Control 60 Caps | Natural Allergy Support,Vivid Health Allergy Control supports balanced histamine and immune response for seasonal and environmental allergies. Shop 60 capsules at Onelife Health.,2023-02-25T01:30:02Z,2026-05-12T14:02:09Z,https://onelife.co.za/products/vivid-health-immune-allergy-control-60-capsules,https://cdn.shopify.com/s/files/1/0682/9136/3126/files/IMG-5199.png?v=1695296292,"Conditions - Allergies, Conditions - Immune, Health - Herbs, Health Supplements, Health Conditions, Vivid Health, Vivid Health — South Africa's Functional Health Brand, Brand - VIVID HEALTH, Immunity & Cold Season, Respiratory Health, Herbal Supplements, Gluten Free, Sugar Free, Dairy Free, Vegetarian, Proudly South African"
8155084521782,VIVID HEALTH - IMMUNE - Quercetin Complex 60 Capsules,vivid-health-immune-quercetin-complex-60-capsules,ACTIVE,IMMUNE,quercetin complex,5,1,6009689721224,,285.2,285.2,,,,KEEP,Daily,Active in-stock SKU,"brand_VIVID HEALTH - IMMUNE, cat:heart-cardiovascular, cat:herbal-supplements, cat:immunity, cat:respiratory, Conditions>Allergies, Conditions>Immune, featured:immunity, gluten-free, Health>Herbs, proudly-south-african, sugar-free, vegetarian",Vivid Health Quercetin Complex 60 Caps | Immune & Allergy Support,Vivid Health Quercetin Complex combines quercetin with synergistic co-factors for immune and allergy support. 60 capsules. Shop at Onelife Health today.,2023-02-25T01:33:22Z,2026-05-15T14:02:27Z,https://onelife.co.za/products/vivid-health-immune-quercetin-complex-60-capsules,https://cdn.shopify.com/s/files/1/0682/9136/3126/files/IMG-5190.png?v=1695296030,"Conditions - Allergies, Conditions - Immune, Health - Herbs, Health Supplements, Health Conditions, Vivid Health, Brand - VIVID HEALTH, Immunity & Cold Season, Heart & Cardiovascular, Respiratory Health, Herbal Supplements, Gluten Free, Sugar Free, Vegetarian, Proudly South African"
8155083309366,VIVID HEALTH - VIVID NOURISHMENT - Moringa Powder 300 Capsules,vivid-health-vivid-nourishment-moringa-powder-300-capsules,ACTIVE,VIVID NOURISHMENT,moringa,5,1,6009802226087,,298.08,298.08,,,,KEEP,Daily,Active in-stock SKU,"brand_VIVID HEALTH - VIVID NOURISHMENT, cat:energy-vitality, cat:herbal-supplements, cat:immunity, cat:superfoods, cat:vitamins-minerals, Conditions>Acid PH, Conditions>Immune, Conditions>Pain&Inflamation, featured:superfoods, gluten-free, proudly-south-african, sugar-free, Superfoods, vegetarian",Vivid Health Moringa Powder 300 Capsules | Nutrient-Dense Daily Support,"Vivid Health Moringa 300 capsules — pure moringa leaf powder with essential amino acids, iron & vitamins. A convenient daily greens option. Shop at Onelife Health.",2023-02-25T01:32:49Z,2026-04-29T11:02:06Z,https://onelife.co.za/products/vivid-health-vivid-nourishment-moringa-powder-300-capsules,https://cdn.shopify.com/s/files/1/0682/9136/3126/files/IMG-5329.png?v=1695312316,"Conditions - Acid PH, Conditions - Energy & Vitality, Conditions - Immune, Conditions - Pain &Inflammation, Superfoods, Health Conditions, Vivid Health, Brand - VIVID HEALTH, Immunity & Cold Season, Energy & Vitality, Vitamins & Minerals, Herbal Supplements, Gluten Free, Sugar Free, Vegetarian, Proudly South African"
8155085046070,VIVID HEALTH - VIVID NOURISHMENT - Spirulina 250g,vivid-health-vivid-nourishment-spirulina-250g,ACTIVE,VIVID NOURISHMENT,spirulina,5,1,6000000820398,,185.84,185.84,,,,KEEP,Daily,Active in-stock SKU,"brand_VIVID HEALTH - VIVID NOURISHMENT, cat:energy-vitality, cat:immunity, cat:superfoods, cat:vitamins-minerals, Conditions>Acid PH, Conditions>Immune, Conditions>Pain&Inflamation, dairy-free, featured:superfoods, gluten-free, proudly-south-african, sugar-free, Superfoods, vegan, vegetarian",Vivid Health Spirulina Powder 250g | Protein & Iron-Rich,"Vivid Health Spirulina 250g — pure blue-green algae powder rich in plant protein, iron & antioxidants. Shop it now at Onelife Health.",2023-02-25T01:33:34Z,2026-05-05T08:07:05Z,https://onelife.co.za/products/vivid-health-vivid-nourishment-spirulina-250g,https://cdn.shopify.com/s/files/1/0682/9136/3126/files/IMG-5321.png?v=1695311802,"Conditions - Acid PH, Conditions - Energy & Vitality, Conditions - Immune, Conditions - Pain &Inflammation, Superfoods, Health Conditions, Vivid Health, Brand - VIVID HEALTH, Immunity & Cold Season, Energy & Vitality, Vitamins & Minerals, Vegan, Gluten Free, Sugar Free, Dairy Free, Vegetarian, Proudly South African"
